{
    "Sorting": 0.005863419999999999,
    "Data-reordering": 0.0310479,
    "Predict": 0.0022673600000000004,
    "Direct_gravity": 19.0319,
    "Tree-construction": 0,
    "setActiveGrpsFunc": 0,
    "Memory": 0,
    "Grav:": 0.0,
    "Build:": 0.0,
    "tPredCor:": 0.00717974,
    "Correct": 0.001615872,
    "Energy": 0.001440192,
    "TOTAL:": 19.81501
}