{
    "n_pows": [
        2,
        3,
        4,
        5,
        6,
        7
    ],
    "token_arrays": {
        "Sorting": [
            0.048543322000000014,
            0.036061987999999996,
            0.18617696400000008,
            0.20040293199999998,
            0.7630840799999998,
            5.8393779
        ],
        "Data-reordering": [
            0.010968479999999997,
            0.009655487999999997,
            0.011394976,
            0.019723458000000003,
            0.14123361999999998,
            1.3465404999999997
        ],
        "Predict": [
            0.005593696,
            0.007256735999999999,
            0.009667392000000002,
            0.010889951999999996,
            0.056205725999999984,
            0.53190996
        ],
        "Direct_gravity": [
            0,
            0,
            0,
            0,
            0,
            0
        ],
        "Tree-construction": [
            0.140794648,
            0.11850013800000003,
            0.126474264,
            0.12437993799999998,
            0.53671174,
            4.5381747
        ],
        "setActiveGrpsFunc": [
            0.00011814399999999999,
            0.00011183999999999993,
            0.0002895360000000003,
            0.00012633599999999995,
            0.00017241599999999994,
            0.0001498879999999999
        ],
        "Memory": [
            0.00027571200000000006,
            0.0002420799999999997,
            0.00047059200000000063,
            0.0002630079999999998,
            0.013146407999999991,
            0.13368103199999964
        ],
        "Grav:": [
            0.1150958541,
            0.20984627900000002,
            0.7917397840000001,
            5.193626610000001,
            58.6826027,
            744.2010839999999
        ],
        "Build:": [
            3.6600529700000006,
            3.2378395899999997,
            6.048849869999999,
            6.603778309999999,
            25.9555332,
            208.111799
        ],
        "tPredCor:": [
            0.475969687,
            0.7026926850000002,
            0.783108359,
            1.295734264,
            5.60125481,
            43.27780370000001
        ],
        "Correct": [
            0.008675615999999999,
            0.007090976000000001,
            0.009355776000000001,
            0.025198075999999996,
            0.16690147,
            1.8047822999999992
        ],
        "Energy": [
            0.010125696,
            0.008336224000000001,
            0.024455680000000004,
            0.014385536000000003,
            0.06593709,
            0.32997072999999993
        ],
        "TOTAL:": [
            5.81135709,
            5.9399183,
            12.511772429999999,
            51.798958400000004,
            462.50759899999997,
            16480.60511
        ]
    }
}