{
    "n_pows": [
        2,
        3,
        4,
        5,
        6
    ],
    "token_arrays": {
        "Sorting": [
            0.000378752,
            0.00044032,
            0.0006228160000000001,
            0.00102298,
            0.00893338
        ],
        "Data-reordering": [
            0.000174976,
            0.000269504,
            0.000303104,
            0.00392416,
            0.0449379
        ],
        "Predict": [
            0.000239424,
            0.00034710400000000004,
            0.00042483199999999993,
            0.00129616,
            0.010426464
        ],
        "Direct_gravity": [
            0.000488704,
            0.0012410880000000004,
            0.014318178000000003,
            1.6756042,
            162.02792999999997
        ],
        "Tree-construction": [
            0,
            0,
            0,
            0,
            0
        ],
        "setActiveGrpsFunc": [
            0,
            0,
            0,
            0,
            0
        ],
        "Memory": [
            0,
            0,
            0,
            0,
            0
        ],
        "Grav:": [
            28716060000.0,
            28716060000.0,
            28716060000.0,
            28716060000.0,
            28716060000.0
        ],
        "Build:": [
            0.0,
            0.0,
            0.0,
            0.0,
            0.0
        ],
        "tPredCor:": [
            0.004700181999999998,
            0.007053849,
            0.0075902949999999995,
            0.013722896,
            0.030442720000000003
        ],
        "Correct": [
            0.0011315200000000004,
            0.0017389439999999999,
            0.002193088,
            0.003227648,
            0.008286208
        ],
        "Energy": [
            0.001462656,
            0.0026043200000000002,
            0.0013517440000000002,
            0.0032151680000000005,
            0.006529888
        ],
        "TOTAL:": [
            1.010085529,
            1.0168977620000001,
            1.0839830799999994,
            3.090512,
            165.70635000000001
        ]
    }
}