{
    "Sorting": 0.007058430000000001,
    "Data-reordering": 0.0278743,
    "Predict": 0.0012093439999999998,
    "Direct_gravity": 11.3864,
    "Tree-construction": 0,
    "setActiveGrpsFunc": 0,
    "Memory": 0,
    "Grav:": 0.0,
    "Build:": 0.0,
    "tPredCor:": 0.00407934,
    "Correct": 0.001470464,
    "Energy": 0.0007688320000000001,
    "TOTAL:": 11.834
}