{
    "Sorting": 0.016025474,
    "Data-reordering": 0.002137632,
    "Predict": 0.0017328639999999998,
    "Direct_gravity": 0,
    "Tree-construction": 0.024412667999999995,
    "setActiveGrpsFunc": 2.8863999999999997e-05,
    "Memory": 0.0003749760000000003,
    "Grav:": 0.010597946999999998,
    "Build:": 0.04826736,
    "tPredCor:": 0.008470298,
    "Correct": 0.0017463359999999996,
    "Energy": 0.0016325439999999999,
    "TOTAL:": 1.0961715799999998
}