{
    "Sorting": 0.07704284199999999,
    "Data-reordering": 0.012880252000000002,
    "Predict": 0.009550207999999996,
    "Direct_gravity": 0,
    "Tree-construction": 0.11082451600000004,
    "setActiveGrpsFunc": 0.00011452799999999992,
    "Memory": 0.0017882880000000027,
    "Grav:": 3.4521527999999995,
    "Build:": 3.9076096100000006,
    "tPredCor:": 0.951269959,
    "Correct": 0.019205760000000002,
    "Energy": 0.010669024000000004,
    "TOTAL:": 30.5800796
}