{
    "Sorting": 0.0006779840000000001,
    "Data-reordering": 0.00025088,
    "Predict": 0.000242624,
    "Direct_gravity": 0.008770911999999999,
    "Tree-construction": 0,
    "setActiveGrpsFunc": 0,
    "Memory": 0,
    "Grav:": 28712660000.0,
    "Build:": 0.0,
    "tPredCor:": 0.005055665000000001,
    "Correct": 0.0013314239999999999,
    "Energy": 0.0010706560000000001,
    "TOTAL:": 1.0423811399999996
}