{
    "Sorting": 0.021561423999999996,
    "Data-reordering": 0.0027615040000000006,
    "Predict": 0.008200003999999999,
    "Direct_gravity": 0,
    "Tree-construction": 0.029609179999999995,
    "setActiveGrpsFunc": 3.4847999999999996e-05,
    "Memory": 0.00023801599999999997,
    "Grav:": 0.010459184000000002,
    "Build:": 0.06119203,
    "tPredCor:": 0.028146729000000002,
    "Correct": 0.002004384,
    "Energy": 0.012687002000000001,
    "TOTAL:": 1.12964348
}