{
    "Sorting": 0.08011633200000001,
    "Data-reordering": 0.013538628000000002,
    "Predict": 0.008536608,
    "Direct_gravity": 0,
    "Tree-construction": 0.11053286999999999,
    "setActiveGrpsFunc": 0.00010508799999999997,
    "Memory": 0.0015835220000000028,
    "Grav:": 3.8232122200000003,
    "Build:": 3.868697750000001,
    "tPredCor:": 0.8807307079999998,
    "Correct": 0.019019679999999997,
    "Energy": 0.008837344000000004,
    "TOTAL:": 30.555818999999996
}