{
    "token_arrays_bh": {
        "Sorting": [
            0.1849582780000001,
            0.16670454800000004,
            0.16476180799999995,
            0.16662323399999998,
            0.14793892999999994,
            0.16236695599999998,
            0.17731999799999998,
            0.16200575599999997,
            0.14904369999999997,
            0.150877114,
            0.15649498600000003,
            0.158974282,
            0.16154449,
            0.15317401999999997,
            0.15954460399999992,
            0.154574396,
            0.13572155400000005,
            0.15123884199999993,
            0.16163011600000005,
            0.16483263800000006
        ],
        "Data-reordering": [
            0.009707264,
            0.010063363999999997,
            0.012453026000000004,
            0.011788320000000005,
            0.010504508,
            0.010600189999999997,
            0.010132640000000002,
            0.011344384000000008,
            0.009255264,
            0.010098240000000001,
            0.009251135999999997,
            0.010222464,
            0.00944096,
            0.009887007999999997,
            0.010996320000000006,
            0.011444068000000003,
            0.010298947999999999,
            0.010166912000000005,
            0.009181184000000002,
            0.011450240000000004
        ],
        "Predict": [
            0.009772832000000002,
            0.008602175999999996,
            0.012050336000000002,
            0.011623935999999994,
            0.008809823999999999,
            0.008591520000000004,
            0.009381952000000002,
            0.009972511999999996,
            0.008722624,
            0.008273024,
            0.0087536,
            0.008360416000000002,
            0.011235838000000001,
            0.009099296,
            0.010668320000000004,
            0.009186879999999998,
            0.007168415999999999,
            0.008544480000000002,
            0.008616512000000002,
            0.008170912000000002
        ],
        "Direct_gravity": [
            0,
            0,
            0,
            0,
            0,
            0,
            0,
            0,
            0,
            0,
            0,
            0,
            0,
            0,
            0,
            0,
            0,
            0,
            0,
            0
        ],
        "Tree-construction": [
            0.12120363,
            0.12084276200000002,
            0.125480252,
            0.12197812999999999,
            0.12260570400000002,
            0.120534102,
            0.12451321600000004,
            0.13169734800000005,
            0.11618851,
            0.11841148000000001,
            0.11663551399999998,
            0.12354577399999997,
            0.12443569,
            0.11444424399999997,
            0.125731536,
            0.12053392600000001,
            0.106548672,
            0.12180276,
            0.12048878600000001,
            0.11483977200000003
        ],
        "setActiveGrpsFunc": [
            0.00011916800000000001,
            0.00011385599999999996,
            0.00013091199999999998,
            0.00011542399999999994,
            0.0001131839999999999,
            0.00010646399999999993,
            0.00011251199999999997,
            0.00012172799999999998,
            0.00011177599999999998,
            0.0002747520000000003,
            0.00012899199999999992,
            0.00011999999999999992,
            0.00011724799999999992,
            0.00011148799999999995,
            0.00011344,
            0.00011228799999999993,
            0.000106464,
            0.00011644799999999995,
            0.00010617599999999993,
            0.00010863999999999998
        ],
        "Memory": [
            0.0002966400000000002,
            0.0002333119999999997,
            0.00041792000000000006,
            0.000298528,
            0.00023375999999999974,
            0.0002942719999999999,
            0.000310528,
            0.000301856,
            0.00024598399999999966,
            0.00023564799999999968,
            0.00028188800000000016,
            0.0002481599999999997,
            0.0002577919999999998,
            0.00026191999999999985,
            0.00024774399999999983,
            0.0002595519999999999,
            0.00027510400000000014,
            0.00032393600000000025,
            0.0002411519999999998,
            0.00026988799999999976
        ],
        "Grav:": [
            0.8768810190000002,
            0.8325255339999998,
            0.8326612939999998,
            0.8084102819999999,
            0.783368134,
            0.7946413220000001,
            0.833761787,
            0.79734609,
            0.799578031,
            0.8130604709999999,
            0.795309636,
            0.7862722309999997,
            0.795546132,
            0.8091931819999999,
            0.8158084300000003,
            0.791377056,
            0.7969330609999999,
            0.787552798,
            0.808489804,
            0.784267014
        ],
        "Build:": [
            5.94894892,
            5.256998130000001,
            5.8296627999999995,
            5.40872668,
            4.710858979999999,
            5.2727447,
            5.95413657,
            5.3544101600000005,
            4.927325880000001,
            5.28514892,
            5.02924327,
            5.230560840000001,
            5.333282150000001,
            4.80260388,
            5.47459844,
            5.1429088599999995,
            4.464924689999999,
            4.8112967499999995,
            5.51442098,
            5.150685150000002
        ],
        "tPredCor:": [
            0.762014687,
            0.6866304440000001,
            0.794011521,
            0.8517483939999998,
            0.7643845890000001,
            0.7009989879999999,
            0.9404515880000001,
            0.6900920869999998,
            0.6572431870000001,
            0.8381551260000001,
            0.7398364939999998,
            0.6272699550000002,
            1.07499202,
            0.8994027429999998,
            0.8156322450000001,
            0.738442056,
            0.6171386830000001,
            0.7115959510000001,
            0.7875427970000001,
            0.673065886
        ],
        "Correct": [
            0.010168704000000002,
            0.010478340000000001,
            0.01350083,
            0.010649152,
            0.01191136,
            0.010259360000000007,
            0.010648735999999999,
            0.0095024,
            0.011581696,
            0.013723007999999998,
            0.011299359999999991,
            0.010057567999999996,
            0.009833824,
            0.013557824,
            0.012447972000000007,
            0.010245216,
            0.009610656,
            0.011633312000000003,
            0.010731903999999999,
            0.011149856
        ],
        "Energy": [
            0.009535392,
            0.008544352000000002,
            0.008441344,
            0.009749219999999994,
            0.008954975999999998,
            0.010407229999999998,
            0.011822720000000005,
            0.008043967999999997,
            0.008242111999999996,
            0.008080640000000002,
            0.008235263999999997,
            0.008425535999999999,
            0.012595428000000002,
            0.008006112,
            0.009877760000000001,
            0.008969568,
            0.005833184,
            0.009124511999999996,
            0.008656096,
            0.007322432
        ],