{
    "n_pows": [
        2,
        3,
        4,
        5,
        6,
        7
    ],
    "token_arrays": {
        "Sorting": [
            0.035924764,
            0.036038234,
            0.13430744600000005,
            0.20381871000000007,
            0.70221621,
            5.7561525000000024
        ],
        "Data-reordering": [
            0.010843106000000002,
            0.010543004,
            0.008206719999999997,
            0.019326714,
            0.13239712000000006,
            1.3072104
        ],
        "Predict": [
            0.004620672000000003,
            0.006469407999999997,
            0.008621760000000001,
            0.013239712000000004,
            0.05262508799999999,
            0.5371761900000002
        ],
        "Direct_gravity": [],
        "Tree-construction": [
            0.10304484599999998,
            0.12144681200000003,
            0.10403135199999997,
            0.12370492999999998,
            0.5134489199999999,
            4.575327099999997
        ],
        "setActiveGrpsFunc": [
            0.000123328,
            0.00010611199999999999,
            0.00010729599999999994,
            0.00013427199999999998,
            0.0001388479999999999,
            0.00017206399999999988
        ],
        "Memory": [
            0.00019356799999999987,
            0.0002459199999999998,
            0.00022633599999999975,
            0.0002646079999999999,
            0.01266518,
            0.14568279999999975
        ],
        "Grav:": [
            0.08692459889999998,
            0.22421551000000003,
            0.8023646260000001,
            5.150879129999999,
            58.494262600000006,
            727.8940880000001
        ],
        "Build:": [
            2.8597607500000004,
            2.8916137699999998,
            4.65381267,
            6.483804920000001,
            24.569710399999998,
            206.39436199999997
        ],
        "tPredCor:": [
            0.41505861799999993,
            0.5088444879999999,
            0.6985994120000001,
            1.098326506,
            5.618466980000001,
            44.05512219999999
        ],
        "Correct": [
            0.007631999999999998,
            0.008021088,
            0.012036738000000002,
            0.024815584,
            0.16250981999999992,
            1.8457526000000002
        ],
        "Energy": [
            0.005267071999999999,
            0.007155008,
            0.005718848000000001,
            0.010811423999999997,
            0.056910469999999956,
            0.29734283999999994
        ],
        "TOTAL:": [
            4.838869509999999,
            5.42197515,
            10.746468649999999,
            57.9313072,
            821.774813,
            16118.47724
        ]
    }
}