{
    "n_pows": [
        2,
        3
    ],
    "token_arrays": {
        "Sorting": [
            0.00041571200000000005,
            0.00044646400000000004
        ],
        "Data-reordering": [
            0.000227264,
            0.000274368
        ],
        "Predict": [
            0.0017447360000000006,
            0.00183392
        ],
        "Direct_gravity": [
            0.002357632,
            0.006455775999999998
        ],
        "Tree-construction": [
            0,
            0
        ],
        "setActiveGrpsFunc": [
            0,
            0
        ],
        "Memory": [
            0,
            0
        ],
        "Grav:": [
            0.0,
            0.0
        ],
        "Build:": [
            0.0,
            0.0
        ],
        "tPredCor:": [
            0.28556034,
            0.3353433780000001
        ],
        "Correct": [
            0.007022304000000001,
            0.0063748799999999994
        ],
        "Energy": [
            0.004959263999999999,
            0.006082047999999997
        ],
        "TOTAL:": [
            1.627646891,
            2.231643335
        ]
    }
}