{
    "token_arrays_bh": {
        "Sorting": [
            0.7056376000000001,
            0.69605042
        ],
        "Data-reordering": [
            0.13021101800000007,
            0.13483247199999998
        ],
        "Predict": [
            0.05531583599999997,
            0.05525460400000002
        ],
        "Direct_gravity": [
            0,
            0
        ],
        "Tree-construction": [
            0.5038667999999998,
            0.49754575000000023
        ],
        "setActiveGrpsFunc": [
            0.00014870399999999994,
            0.0001410239999999999
        ],
        "Memory": [
            0.01276026,
            0.01750753599999997
        ],
        "Grav:": [
            58.94115300000001,
            58.917773600000004
        ],
        "Build:": [
            24.1825016,
            23.119618600000003
        ],
        "tPredCor:": [
            5.003206499999998,
            4.947629630000001
        ],
        "Correct": [
            0.15927195999999996,
            0.16024618999999998
        ],
        "Energy": [
            0.045827467999999996,
            0.041547141999999995
        ],
        "TOTAL:": [
            720.8432379999998,
            1804.0029849999999
        ]
    },
    "token_arrays_ap": {
        "Sorting": [
            0.00721408,
            0.00971366
        ],
        "Data-reordering": [
            0.0466391,
            0.0455893
        ],
        "Predict": [
            0.048928767999999956,
            0.04996035599999997
        ],
        "Direct_gravity": [
            745.7000100000002,
            755.9741400000001
        ],
        "Tree-construction": [
            0,
            0
        ],
        "setActiveGrpsFunc": [
            0,
            0
        ],
        "Memory": [
            0,
            0
        ],
        "Grav:": [
            2203828520000.0,
            2203829710000.0
        ],
        "Build:": [
            0.0,
            0.0
        ],
        "tPredCor:": [
            2.39345615,
            2.24848042
        ],
        "Correct": [
            0.03875203199999999,
            0.03829827199999999
        ],
        "Energy": [
            0.0322737,
            0.031057056
        ],
        "TOTAL:": [
            12219.578530000003,
            12472.168900000002
        ]
    }
}