{
    "n_pows": [
        2,
        3,
        4,
        5,
        6,
        7
    ],
    "token_arrays": {
        "Sorting": [
            0.000438144,
            0.000418784,
            0.000684032,
            0.00151245,
            0.008413180000000001
        ],
        "Data-reordering": [
            0.00023568,
            0.000233216,
            0.000359168,
            0.00324502,
            0.0514406
        ],
        "Predict": [
            0.0006177600000000001,
            0.000268288,
            0.000486528,
            0.00118256,
            0.010289152
        ],
        "Direct_gravity": [
            0.0005668159999999999,
            0.0013431680000000003,
            0.01746301,
            1.7011734,
            157.81431999999998
        ],
        "Tree-construction": [
            0,
            0,
            0,
            0,
            0
        ],
        "setActiveGrpsFunc": [
            0,
            0,
            0,
            0,
            0
        ],
        "Memory": [
            0,
            0,
            0,
            0,
            0
        ],
        "Grav:": [
            28686990000.0,
            28686990000.0,
            28686990000.0,
            28686990000.0,
            28686990000.0
        ],
        "Build:": [
            0.0,
            0.0,
            0.0,
            0.0,
            0.0
        ],
        "tPredCor:": [
            0.020787196,
            0.0037987250000000006,
            0.005746838999999999,
            0.011471754,
            0.029600139999999997
        ],
        "Correct": [
            0.0016063040000000002,
            0.0009662719999999999,
            0.001790688,
            0.0026709439999999993,
            0.008391684000000002
        ],
        "Energy": [
            0.015941691999999997,
            0.000757984,
            0.000910784,
            0.00363648,
            0.0065063360000000015
        ],
        "TOTAL:": [
            1.0298787789999995,
            1.0264917960000002,
            1.0633021800000002,
            3.129115,
            161.26341
        ]
    }
}